Metric,Value (dB)
SNR,-14.52767625944593
SIR,-3.946473623783838
