Frequency (Hz),Amplitude (dB),Signaltype
261.6255653005986,12.83816279695458,Nutzsignal
293.6647679174076,12.371255103319225,Nutzsignal
329.6275569128699,13.129479519519109,Nutzsignal
349.2282314330039,12.601511366599908,Nutzsignal
391.99543598174927,12.550416335334324,Nutzsignal
440.0,12.672348111421403,Nutzsignal
493.8833012561241,12.465111017212486,Nutzsignal
523.2511306011972,12.323315965922653,Nutzsignal
950.0,25.603468818450313,Interferenzsignal
